-0.0,-0.0,0.06925395550641955,0.012932967594572325,-0.0,0.0014080246977961806,0.049093127796493496,0.0012724371343046964,0.14340992292368507,0.022945587667789608,9.178235067115844E-4,0.07448972141970608,0.08854910877251536,0.3197154747129194,9.386831318641204E-4,-0.0,0.21392588575183305,-0.0,-0.0,-0.0,-0.0,-0.0,0.0010429812576268004,-0.0,-0.0,-0.0,1.0429812576268004E-4,-0.0,
-0.0,0.2649421059526569,0.06691322443138875,0.014037668920621164,0.041014581842733766,6.449467415073615E-4,0.058952163090907256,0.0012193524331623553,0.13430008162607196,0.02217004423931555,0.0024185502806526055,0.06747755283020769,0.027017222093456812,-0.0,2.3177773522920801E-4,1.7131397821289288E-4,0.20684651275281407,0.05939556397569357,-0.0,-0.0,-0.0,-0.0,0.0010077292836052523,-0.0,-0.0,-0.0,2.0154585672105046E-4,0.031038061935041772,
-0.0,0.28473316320869857,0.029956729168978142,0.012204593365139243,0.03679130145345612,5.103739043603683E-4,0.06084544546765783,0.0019416398535448795,0.13002329967824253,0.012648396760235216,0.0037168534339287696,0.06964384777543549,0.03499389770331743,-0.0,5.658493287473649E-4,2.2190169754798623E-5,0.2210140907577943,0.06398535448796183,-0.0,-0.0,-0.0,-0.0,0.0011095084877399313,-0.0,-0.0,-0.0,0.0011206035726173305,0.03417286142238988,
-0.0,-0.0,0.0728221888331999,0.013314177295708536,-0.0,-0.0,0.0490782070826159,0.0011405884997971068,0.1273291584869655,0.024127833649554183,-0.0,0.061964663690900514,0.08409646746580976,0.304624867022735,-0.0,-0.0,0.22772288086333775,-0.0,-0.0,-0.0,-0.0,-0.0,-0.0,-0.0,-0.0,-0.0,-0.0,0.033778967109375856,
-0.0,-0.0,0.04240526083540516,0.015875065921883914,-0.0,2.1525513114418866E-4,0.05673048981305092,0.0012161914909646658,0.12578433588410665,0.006888164196614037,0.0016789900229246715,0.07483344634227719,0.08739358324454059,0.30720136041242885,2.367806442586075E-4,-0.0,0.24517559437323086,-0.0,-0.0,-0.0,-0.0,-0.0,0.0010762756557209433,-0.0,-0.0,-0.0,1.3991583524372263E-4,0.03314929019620505,
-0.0,-0.0,0.12270121805588727,0.04882971101026988,-0.0,4.896106997850489E-4,0.05538571769763554,0.001540482445665154,0.1470265106281347,0.012658227848101266,0.001289706233580129,0.0639957009792214,-0.0,0.025328397420587533,5.612610460950561E-4,-0.0,0.25752328636255073,-0.0,0.09759971339861476,0.09813709099593981,0.03516837831382852,0.03169333651779317,-0.0,-0.0,-0.0,-0.0,7.165034631000717E-5,-0.0,
-0.0,-0.0,0.06876767090941102,0.014343859067700944,-0.0,5.59255154986174E-4,0.05112006379651397,0.0013152852719119277,0.17486044512567706,0.005178288472094204,0.0015949128494050146,0.06620959640419649,-0.0,-0.0,8.595958863676378E-4,7.560301169257537E-4,0.21473326636080242,-0.0,-0.0,-0.0,-0.0,-0.0,0.0010356576944188407,0.19893948652091512,0.08461323363401928,0.08297689447683751,2.3820126971633337E-4,0.031898256988100296,
-0.0,0.25774500347449103,0.06886752336206271,0.010444216268915233,0.032691330367051456,0.001773546158872398,0.0562763827955651,6.637833577066285E-4,0.12897103207940508,0.022817552921165354,0.0020017216880840517,0.07113890703921508,0.028853832830310008,-0.0,1.5557422446249106E-4,3.837497536741446E-4,0.22176587116379892,0.06209485879046226,-0.0,-0.0,-0.0,-0.0,0.001037161496416607,-0.0,-0.0,-0.0,3.733781387099785E-4,0.03194457408963149,
-0.0,-0.0,0.1637841881752371,0.045008471406253435,-0.0,3.520584417013224E-4,0.056043303188329265,0.0022773780447554294,0.14098840407507646,-0.0,0.001969326908266772,0.064756749620437,-0.0,0.031245186700992366,2.5304200497282546E-4,-0.0,0.22452527119501836,-0.0,0.0740973001518252,0.10223997183532467,0.033522564745747795,0.024622087266486237,-0.0,-0.0,-0.0,-0.0,4.290712258234867E-4,0.03388562501375228,
-0.0,-0.0,0.06984841631339217,0.013527870990816617,-0.0,8.099891650799996E-4,0.04839948244848153,0.001451668893260259,0.18182678855075055,0.023142547573714273,0.0027455476894270117,0.06708182994435269,-0.0,-0.0,3.786962330244154E-4,1.4727075728727265E-4,0.23531763146544923,-0.0,-0.0,-0.0,-0.0,-0.0,0.001051933980623376,0.1942711675415251,0.08120930330412464,0.07868466175062853,1.051933980623376E-4,-0.0,
-0.0,-0.0,0.17586823761643328,0.04450681635926223,-0.0,3.0843254580223303E-4,0.053194333066025126,9.047354676865503E-4,0.11516871260255382,0.022618386692163758,-0.0,0.07015812308514795,-0.0,0.026442950260111446,2.981514609421586E-4,-0.0,0.2133016675919643,-0.0,0.09935640408775934,0.09081282256903749,0.031244216889766207,0.024150268336314847,-0.0,-0.0,-0.0,-0.0,-0.0,0.03166574136902926,
-0.0,-0.0,-0.0,0.008526458736837418,-0.0,0.0013246065139473275,0.056368129299405594,0.0018255081368685857,0.1366237004385672,0.01736458959460362,0.0020147376388610612,0.07043789932990493,0.09090807898662036,0.3342349562545916,5.676885059774261E-4,-0.0,0.2454529263785926,-0.0,-0.0,-0.0,-0.0,-0.0,-0.0,-0.0,-0.0,-0.0,6.678688305616777E-5,0.03428393330216612,
0.04754122425013456,-0.0,0.17908695013945294,0.03199099672163233,-0.0,2.6422664774673386E-4,0.055096149141263394,0.0014483534765376523,0.1408132309047316,0.015266428536477956,0.0018300141899496012,0.05491999804276557,-0.0,0.029074717424279493,4.697362626608602E-4,-0.0,0.20907178157263787,-0.0,0.08443509321328962,0.07707589176493615,0.0208054019670206,0.020413955081469884,-0.0,-0.0,-0.0,-0.0,2.5444047560796597E-4,0.030141410187405196,
-0.0,-0.0,0.030430764375718504,0.017086310664292316,-0.0,6.987805152942767E-4,0.06312693009940716,0.0014989969118409485,0.14322746432838177,0.01916011090323017,0.00114960665419381,0.07199693438225549,0.09337736401956585,0.3301512521696008,3.3811960417465004E-4,-0.0,0.227520681649122,-0.0,-0.0,-0.0,-0.0,-0.0,-0.0,-0.0,-0.0,-0.0,2.3668372292225503E-4,-0.0,
-0.0,-0.0,0.07082288944589622,0.009556823636072742,-0.0,8.639539224574689E-4,0.05196522852114554,0.002015892485734094,0.17762252679857074,0.01813236627379873,0.0013225961282064957,0.06508452882512933,-0.0,-0.0,5.546370860220789E-4,9.59948802730521E-5,0.2092795050930617,-0.0,-0.0,-0.0,-0.0,-0.0,-0.0,0.2002453202495867,0.08067836382059623,0.07856647645458908,3.413151298597408E-4,0.032851581249000054,
-0.0,-0.0,-0.0,0.015939469775818317,-0.0,6.899697114991054E-4,0.04211154120522506,0.002163464349615839,0.15199214136193004,0.012396066003204266,9.589409549648583E-4,0.07290290138110886,0.10134368677713979,0.3587842499795348,5.73025692600952E-4,-0.0,0.23980540515255347,-0.0,-0.0,-0.0,-0.0,-0.0,-0.0,-0.0,-0.0,-0.0,3.39137654804645E-4,-0.0,
-0.0,-0.0,0.043305269174122356,0.014783143918577301,-0.0,3.6270910729594867E-4,0.06723307907058539,0.0013409245784880527,0.14983183486843552,0.024180607153063242,0.0011870479875140138,0.06250686949066848,0.09717306720010552,0.2824514739179178,5.4955925347871006E-5,-0.0,0.22143940559671144,-0.0,-0.0,-0.0,-0.0,-0.0,-0.0,-0.0,-0.0,-0.0,2.9676199687850345E-4,0.03385285001428854,
0.03965404524848082,0.2515995584468475,0.042226199534868766,0.012892923360519575,0.022667109648793766,6.537558811236027E-4,0.04730620425048496,4.501270001178904E-4,0.1380175120837665,0.018219426195247947,0.0014468367860932191,0.06979111963732625,0.029440449269615355,-0.0,4.501270001178904E-4,2.1434619053232876E-4,0.22272712658214283,0.06890158294661708,-0.0,-0.0,-0.0,-0.0,-0.0,-0.0,-0.0,-0.0,3.322365953251096E-4,0.03300931334197863,
-0.0,0.04297634523293668,-0.0,0.014177305200937747,0.048053953757096986,0.0017332755574814172,0.05747586191571392,0.0016110574091974712,0.19394909058586937,-0.0,9.221914825061387E-4,0.11739608679710677,-0.0,0.04677621857049209,0.0016666111129629013,-0.0,0.22761463506771998,-0.0,-0.0,-0.0,0.04157639189804784,0.053309334133306664,0.11585169383242781,-0.0,-0.0,-0.0,6.888659266913325E-4,0.034221081519504905,
0.046224055869913454,0.24894840561004,-0.0,0.0118815760662879,0.04016226245491109,7.606052573957337E-4,0.05591601074066818,0.00221266983969668,0.15094557062680788,0.017977942447535523,8.873728002950226E-4,0.08177658949212313,0.029237205121408733,-0.0,0.0010487133094395722,3.4572966245260625E-4,0.24747329238357554,0.06410980374079495,-0.0,-0.0,-0.0,-0.0,-0.0,-0.0,-0.0,-0.0,9.219457665402833E-5,-0.0,
-0.0,-0.0,0.1551206824163108,0.04135049614451169,-0.0,3.276909055533368E-4,0.06297809591103191,0.002007106796514188,0.1307077099525872,0.022528749756791908,0.0017715789581477272,0.0732696384135664,-0.0,0.034561150195078494,5.734590847183395E-4,-0.0,0.2158151823292679,-0.0,0.08504603033188944,0.08386839114005715,0.02836574401196072,0.028826559347895096,0.0010240340798541776,-0.0,-0.0,-0.0,3.1745056475479506E-4,0.03154024965950867,
-0.0,-0.0,0.07511652110955247,0.017941988325263586,-0.0,8.823928684555863E-4,0.05486673605140504,-0.0,0.17240599122132222,-0.0,3.6200733064844565E-4,0.0717227023847233,-0.0,-0.0,7.57952848545183E-4,2.4888003982080636E-4,0.23411692836779946,-0.0,-0.0,-0.0,-0.0,-0.0,0.0011312729082763927,0.22204624643649035,0.07544459025295262,0.07295578985474456,-0.0,-0.0,
-0.0,-0.0,-0.0,0.012576565665975733,-0.0,9.315974567389432E-4,0.05894682907515662,9.781773295758902E-4,0.18899783403591308,-0.0,0.0012460115983883365,0.07586696788317768,-0.0,-0.0,3.027691734401565E-4,1.979644595570254E-4,0.24570882921489626,-0.0,-0.0,-0.0,-0.0,-0.0,0.001164496820923679,0.22297785127046604,0.09544215944290473,0.09453385192258425,1.2809465030160468E-4,-0.0,
0.03196229824633455,-0.0,0.06817528440593043,0.015934945993675304,-0.0,4.312292085917286E-4,0.0470347858228264,0.0011088751078073022,0.16618752310156473,0.01745451558585568,0.002238284939833258,0.07193313893794406,-0.0,-0.0,6.057743644502854E-4,8.316563308554766E-4,0.22417758429504292,-0.0,-0.0,-0.0,-0.0,-0.0,-0.0,0.18199926074992812,0.07150190972935233,0.06669678426218736,1.0267362109326872E-4,0.031623475296726766,
-0.0,-0.0,0.1730319954277922,0.04283436776192434,-0.0,4.311511736336017E-4,0.05477625259442712,0.001143051948703037,0.14713284469533655,0.022058897255672647,0.0017346314660142581,0.06904434841025538,-0.0,0.029468681379282685,7.319543180291378E-4,-0.0,0.21175538688297754,-0.0,0.07982312775109543,0.08000360963773274,0.028696619975334143,0.025117062557027264,0.0010026771479851202,-0.0,-0.0,-0.0,3.308834588350897E-4,0.030882456157941704,
-0.0,-0.0,0.07042552288829494,0.01458359848966951,-0.0,0.001060625344703237,0.056563149633023634,0.0010712315981502693,0.1820775529252047,0.016545755377370498,0.0015803317636078232,0.05756013745704467,-0.0,-0.0,2.86368843069874E-4,5.091001654575538E-4,0.22354800390310126,-0.0,-0.0,-0.0,-0.0,-0.0,0.001060625344703237,0.20708709855330704,0.08083025751983369,0.08503033388485852,1.803063085995503E-4,-0.0,
-0.0,-0.0,-0.0,0.01345650790658214,-0.0,8.248297315768387E-4,0.057749864492258385,0.001402210543680626,0.19713430584686448,-0.0,0.0018146254094690453,0.06074281808969434,-0.0,-0.0,5.184644027054415E-4,9.426625503735301E-5,0.24233497513727523,-0.0,-0.0,-0.0,-0.0,-0.0,-0.0,0.2135012843777249,0.07527160464732638,0.0983904036952372,4.71331275186765E-4,0.03629250818938091,
-0.0,0.26869093189731613,0.029196133134367093,0.015603711152922858,0.025854797897878413,8.218170808192218E-4,0.05524557191980795,7.461234023227145E-4,0.13822747031726465,0.01838275049200891,0.0015895672484266528,0.07176842059733125,0.027109150284391963,-0.0,0.0016652609269231602,6.488029585414909E-4,0.24080321806267438,0.06907588831938406,-0.0,-0.0,-0.0,-0.0,0.0010813382642358182,-0.0,-0.0,-0.0,1.838275049200891E-4,0.0333052185384632,
-0.0,-0.0,0.06992196960921622,0.012710213451554816,-0.0,3.159125132946516E-4,0.054147404778703286,7.792508661268073E-4,0.16547497446373852,0.023166917641607783,0.002453587186588461,0.06373008434864105,-0.0,-0.0,2.737908448553647E-4,8.845550372250245E-4,0.22520350031064731,-0.0,-0.0,-0.0,-0.0,-0.0,0.001053041710982172,0.18930530838326506,0.07803039078377895,0.07991533544643703,2.0007792508661268E-4,0.0324336846982509,
-0.0,-0.0,0.04319749147562192,0.014209124099595434,-0.0,0.0012718043175563814,0.05797673475205298,0.0023572235196088107,0.17078358495323925,0.005481915161880954,0.0020063809492484293,0.06884189060290102,-0.0,-0.0,2.8505958841780964E-4,0.0012608404872326195,0.22994441338025853,-0.0,-0.0,-0.0,-0.0,-0.0,-0.0,0.21071385499238013,0.08664715104869038,0.07085923538247323,3.9469789165542875E-4,0.033768597397186684,
-0.0,-0.0,0.1357270754526805,0.035538532686675124,-0.0,4.5060535271726883E-4,0.0542505128600396,0.0012095196309779323,0.13881016470811444,0.012569517733692236,0.0014822544497278582,0.0784646215507939,-0.0,0.03468475412363188,5.098955307063831E-4,-0.0,0.2524694359132466,-0.0,0.10054428383394007,0.09262311605459439,0.03135264612064365,0.028992897036676905,-0.0,-0.0,-0.0,-0.0,3.201669611412173E-4,-0.0,
-0.0,-0.0,0.19522879554601266,0.04150796819197031,-0.0,7.444891617483626E-4,0.049276550749344526,4.747467118395356E-4,0.13065245303783948,-0.0,0.001845038357376377,0.06010940753768302,-0.0,0.03218566912312124,9.17124329690012E-4,-0.0,0.2370065061878918,-0.0,0.08765550652237244,0.10098078354786849,0.03271436432494255,0.02762162687066389,0.0010789697996353082,-0.0,-0.0,-0.0,-0.0,-0.0,
0.04682671463493381,-0.0,-0.0,0.014563442645634427,-0.0,0.0020755500207555004,0.059210829758774966,0.0015451316821179836,0.1802384576357179,0.019602416862690836,0.0013491075134910752,0.06102117061021171,-0.0,-0.0,0.0016835016835016834,6.457266731239334E-4,0.2546469258798026,-0.0,-0.0,-0.0,-0.0,-0.0,-0.0,0.1773557492735575,0.09014805590148056,0.08898344172316774,1.0377750103777501E-4,-0.0,
-0.0,0.03632915756809562,-0.0,0.015515457993334099,0.03724859211584875,0.0012642225031605564,0.061326284335133895,4.482243420296518E-4,0.17885300540167798,0.005746465923457074,0.002195149982760602,0.10595333869670152,-0.0,0.041719342604298354,2.873232961728537E-4,-0.0,0.24887943914492586,-0.0,-0.0,-0.0,0.0389955177565797,0.04668428916216527,0.14291460751637744,-0.0,-0.0,-0.0,2.413515687851971E-4,0.035398230088495575,
-0.0,0.278817395290208,0.03094023950037243,0.01095513665272446,0.04050879504956168,6.761015298229531E-4,0.05713630894402109,0.0016616054546496305,0.14329914627857676,0.00572967398155045,0.0013980404514983098,0.07339712370366126,0.033449836704291525,-0.0,0.0014324184953876124,6.875608777860539E-5,0.23993582765140664,0.08037586661318971,-0.0,-0.0,-0.0,-0.0,-0.0,-0.0,-0.0,-0.0,2.1772761129891708E-4,-0.0,
-0.0,0.27478324008029725,0.07090078161705035,0.011905778840814932,0.03493785503779951,3.9507965660103364E-4,0.05201170290009824,-0.0,0.12330756417374962,0.018152308546533977,0.0011318498270191774,0.06541237773886302,0.04100286165805322,-0.0,-0.0,1.0677828556784692E-4,0.21200828599496008,0.059923973860675696,-0.0,-0.0,-0.0,-0.0,0.0010677828556784692,-0.0,-0.0,-0.0,6.406697134070815E-5,0.03288771195489685,
-0.0,0.04068621282664318,0.0696279518476574,0.013107671658068034,0.044817750933266225,6.711127888930833E-4,0.05037540371628707,0.0013212533031332577,0.19158172895432238,0.017826433454972528,4.0895935573172264E-4,0.11221215553038882,-0.0,0.03588356193112705,5.452791409756302E-4,-0.0,0.2373956629336018,-0.0,-0.0,-0.0,0.03511807390629588,0.04009898913636173,0.1080072144624806,-0.0,-0.0,-0.0,3.145841197936328E-4,-0.0,
-0.0,0.2700506763831302,0.06952297189764209,0.015192444611969677,0.0267098044142899,6.177492984880847E-4,0.04514805042509528,8.166855132554341E-4,0.14015579846714413,0.01193617288604096,0.002544289483603468,0.05881182728148427,0.02996607614021862,-0.0,5.96808644302048E-4,7.538635506973238E-4,0.232357498848264,0.06215186162415714,-0.0,-0.0,-0.0,-0.0,-0.0,-0.0,-0.0,-0.0,4.1881308372073545E-4,0.03224860744649663,
-0.0,-0.0,0.030463381886698785,0.019564260811679886,-0.0,5.867021696697544E-4,0.04692489083954824,0.0012185352754679514,0.1380104026807776,0.00564136701605533,0.0020760230619083614,0.07857295979961865,0.09953627963128026,0.3391477022712144,5.64136701605533E-4,-0.0,0.23732102763141563,-0.0,-0.0,-0.0,-0.0,-0.0,-0.0,-0.0,-0.0,-0.0,3.7233022305965184E-4,-0.0,
-0.0,-0.0,0.06686740314800454,0.010171095960765753,-0.0,7.653497950675219E-4,0.0461123251528182,0.0013695733174892497,0.1764433389391849,0.01067461556278386,0.002225556640920031,0.06481304317177068,-0.0,-0.0,0.0010171095960765752,5.941531303813658E-4,0.21588906456128337,-0.0,-0.0,-0.0,-0.0,-0.0,0.0010070392040362132,0.20797373641755873,0.0726780193552935,0.09004944562491818,3.3232293733195036E-4,0.031016807484315366,
0.03295672390586124,-0.0,0.16268303626055391,0.040227189297222334,-0.0,9.381245666272382E-4,0.058673573438838354,0.0016621120039156505,0.12729942488885262,0.022433413549781785,0.001743688053187584,0.07916955581841172,-0.0,0.02335114410409104,0.0014377778684178325,-0.0,0.21430028143736998,-0.0,0.07760941387608598,0.08099481992087124,0.022147897377330014,0.019873965003874863,0.001019700615899172,-0.0,-0.0,-0.0,7.137904311294204E-5,0.031406778969694495,
-0.0,-0.0,0.06978675102735767,0.010320871913985728,-0.0,-0.0,0.050784575446414494,-0.0,0.12286251799846554,0.02312211630424501,-0.0,0.06601364204861951,0.08821087370069472,0.3121906103187699,-0.0,-0.0,0.22328607312894783,-0.0,-0.0,-0.0,-0.0,-0.0,0.0010510052865565914,-0.0,-0.0,-0.0,-0.0,0.03237096282594301,
-0.0,-0.0,0.18579520794150706,0.04257876403619083,-0.0,9.014322757269884E-4,0.05295079960381495,0.0020365692155313443,0.11838810554547781,0.024483345760486105,0.0012241672880243053,0.07525290183291229,-0.0,0.03122739463814728,3.783789799347853E-4,-0.0,0.22017205114793506,-0.0,0.08878551476234461,0.09330380493450705,0.0264308846277975,0.0357679423973647,-0.0,-0.0,-0.0,-0.0,3.2273501229731686E-4,-0.0,
-0.0,-0.0,0.06678535147802822,0.014584150548665801,-0.0,4.6266960361284615E-4,0.042817054403910565,-0.0,0.1717308872192551,0.022127676694527424,0.00111644186958752,0.05959385655230681,-0.0,-0.0,0.0013578347062550918,3.822053247236555E-4,0.2149703790873339,-0.0,-0.0,-0.0,-0.0,-0.0,0.001005803486114883,0.19687597437212717,0.08338110899892379,0.0918298582822888,-0.0,0.030978747372338394,
0.04717738553162934,-0.0,-0.0,0.01747133048136032,-0.0,-0.0,0.06310289870702568,4.194077961917772E-4,0.1409809349198931,0.013660711075960744,0.001869360463026207,0.07919617500089873,0.0696336772477262,0.30768954236617896,-0.0,-0.0,0.2582353716552228,-0.0,-0.0,-0.0,-0.0,-0.0,-0.0,-0.0,-0.0,-0.0,5.632047548861009E-4,-0.0,
-0.0,0.040595734147448326,0.06848467346012624,0.015862865629770205,0.04206031601963777,3.5067453277775484E-4,0.04803209703370601,4.4350014439539586E-4,0.1610214942860679,0.02269070506209002,0.0016502330954247287,0.1084615701967903,-0.0,0.03748091917983415,6.70407195016296E-4,-0.0,0.2203267461528941,-0.0,-0.0,-0.0,0.03362349931927885,0.03847105903708899,0.1277177276290276,-0.0,-0.0,-0.0,2.8879079169932755E-4,0.031766987086926025,
0.044172620036550925,-0.0,0.06894833028742316,0.010466854959295564,-0.0,9.137730520019936E-4,0.05093246386442931,0.0011837514537298554,0.16939067951486958,0.016198704103671708,0.0015160325635487622,0.05981059976740322,-0.0,-0.0,8.30702774547267E-5,1.4537298554577173E-4,0.22169380295730187,-0.0,-0.0,-0.0,-0.0,-0.0,-0.0,0.19328376806778536,0.07355873068616049,0.08729647782023592,4.0496760259179265E-4,-0.0,
-0.0,-0.0,0.04165213070734621,0.012146776188512893,-0.0,3.065765965769137E-4,0.05143086697747191,8.985865761737126E-4,0.17822671867897202,0.023257534912731387,0.002135464569259882,0.06982546277208673,-0.0,-0.0,8.140137219455985E-4,2.1143213557028534E-4,0.21838825283054772,-0.0,-0.0,-0.0,-0.0,-0.0,0.0010571606778514266,0.20256255748311186,0.07988963242523231,0.08364255283160488,9.937310371803411E-4,0.03256054887782394,
-0.0,-0.0,0.18832969871482713,0.040661853443712814,-0.0,-0.0,0.04887679701890708,8.257288645169487E-4,0.13307996866464822,0.01651457729033897,-0.0,0.06475619825961762,-0.0,0.027672503228811585,-0.0,-0.0,0.2278588215367026,-0.0,0.09279922085071246,0.08012745866062544,0.023639135313671105,0.022252334271982383,-0.0,-0.0,-0.0,-0.0,-0.0,0.032605703880925666,
0.0384804972138877,0.03370124303471925,0.07115302186026576,0.01693099014144878,0.0325439348478354,2.357479639948564E-4,0.0634269181311616,-0.0,0.17415345049292755,0.018216888126875268,7.501071581654522E-4,0.09776039434204886,-0.0,0.029639948564080584,5.143591941705958E-4,-0.0,0.2114659237033862,-0.0,-0.0,-0.0,0.02986498071153022,0.038287612516073724,0.10937633947706815,-0.0,-0.0,-0.0,4.929275610801543E-4,0.033004714959279896,
0.03658219108309092,0.03431844163487985,-0.0,0.01290337185480311,0.0394797903768011,-0.0,0.05346976196674552,0.001856274547533079,0.21110595479292352,-0.0,6.678060872222663E-4,0.10082740042332115,-0.0,0.042117058483967,-0.0,-0.0,0.23384531800020375,-0.0,-0.0,-0.0,0.0445505891407939,0.04627103872143431,0.1069508426807321,-0.0,-0.0,-0.0,1.9241870309794111E-4,0.034861741502450506,
-0.0,-0.0,0.14255629691409508,0.03911592994161801,-0.0,5.525437864887406E-4,0.05484778982485405,5.629691409507923E-4,0.13895954962468723,0.01188490408673895,0.0010633861551292744,0.07658465387823186,-0.0,0.027992076730608842,1.980817347789825E-4,-0.0,0.21910967472894077,-0.0,0.0948603002502085,0.10108423686405338,0.02731442869057548,0.029774812343619683,0.001042535446205171,-0.0,-0.0,-0.0,3.8573811509591327E-4,0.03211009174311927,
-0.0,-0.0,-0.0,0.01578965240127223,-0.0,7.923123068738751E-4,0.05157953117748928,-0.0,0.1844389862929971,-0.0,0.0019128682837383558,0.07026678287247168,-0.0,-0.0,4.0747490067799297E-4,0.001131874724105536,0.237173029689074,-0.0,-0.0,-0.0,-0.0,-0.0,-0.0,0.22965738152101325,0.09435307700143748,0.0764241813716058,0.0012111059547929236,0.034861741502450506,
0.042988099397776085,-0.0,0.15527305613220152,0.04257702505498119,-0.0,6.26888372762214E-4,0.06267856041765153,8.632561198692783E-4,0.1362403140607979,0.017470659568783013,9.557478469981296E-4,0.06801225001541529,-0.0,0.026298481080303374,0.0018601114011468974,-0.0,0.22210346741208148,-0.0,0.08713748381394776,0.09044663227344665,0.023780650730684645,0.019998766776971617,-0.0,-0.0,-0.0,-0.0,6.885495241814482E-4,-0.0,
-0.0,0.2523463928288212,0.0666526134048042,0.01074070728059345,0.024743778922114816,2.5095110468676286E-4,0.05863221609901527,0.001505706628120577,0.12467250880838378,0.022083697212435128,0.0014755924955581654,0.07323757039178487,0.03786350267513878,-0.0,2.911032814366449E-4,1.8068479537446924E-4,0.22187089067566076,0.07083847783097941,-0.0,-0.0,-0.0,-0.0,0.0010038044187470514,-0.0,-0.0,-0.0,6.926250489354654E-4,0.030917176097409182,
-0.0,-0.0,0.0718669163248298,0.01531501304211358,-0.0,-0.0,0.05774246966761551,-0.0,0.11866699858214366,0.023811327697985777,-0.0,0.0737068825560378,0.07839338478023226,0.3093632634506943,-0.0,-0.0,0.21671555204398602,-0.0,-0.0,-0.0,-0.0,-0.0,0.0010823330771811718,-0.0,-0.0,-0.0,-0.0,0.03333585877718009,
-0.0,0.25803098814906883,0.07114844737800827,0.012429548035917108,0.03525276986048904,1.7144204187471873E-4,0.05551507618455736,0.002014443992027945,0.1373679360521184,0.01221524548357371,8.893555922251034E-4,0.06656237275785955,0.021140946788676254,-0.0,-0.0,3.107387008979277E-4,0.23620427319289372,0.0577438227289287,-0.0,-0.0,-0.0,-0.0,-0.0,-0.0,-0.0,-0.0,-0.0,0.03300259306088336,
0.040521642619311876,-0.0,-0.0,0.019400665926748058,-0.0,8.102108768035516E-4,0.061598224195338516,0.0020865704772475026,0.16780244173140954,0.012652608213096559,0.0013984461709211987,0.06708102108768035,-0.0,-0.0,0.001076581576026637,0.0010987791342952275,0.23599334073251943,-0.0,-0.0,-0.0,-0.0,-0.0,0.0011098779134295228,0.18936736958934516,0.07811320754716981,0.08529411764705883,4.106548279689234E-4,0.0341842397336293,
0.0407826982492276,0.037744593202883626,0.027806385169927908,0.015437693099897013,0.04028836251287333,0.001544799176107106,0.059196704428424306,0.0017198764160659115,0.17395468589083418,0.010916580844490216,0.0020803295571575693,0.11087538619979402,-0.0,0.03825952626158599,1.956745623069001E-4,-0.0,0.23010298661174047,-0.0,-0.0,-0.0,0.028455200823892895,0.03596292481977343,0.11259526261585993,-0.0,-0.0,-0.0,3.604531410916581E-4,0.03171987641606591,
-0.0,0.041884082646449064,0.06650174767394113,0.014201728644826585,0.03779783068094184,1.6024517511793043E-4,0.04970605025689304,0.001011547667931936,0.17775196049956432,0.022033711578715434,7.411339349204282E-4,0.1008442917664026,-0.0,0.034903402205374225,2.0030646889741303E-4,-0.0,0.20570472823419833,-0.0,-0.0,-0.0,0.042034312498122124,0.050807735835828816,0.12235720652598475,-0.0,-0.0,-0.0,5.107814956884033E-4,0.03084719621020161,
-0.0,0.03748739408130383,-0.0,0.013991120796578145,0.04444238370677764,-0.0,0.05880443728338105,0.0015880559644831864,0.19766080515596565,0.012287148338337063,-0.0,0.10913537887305985,-0.0,0.04385120958861236,-0.0,-0.0,0.2353220739779063,-0.0,-0.0,-0.0,0.0513394150853725,0.044593075148662904,0.14949750199955952,-0.0,-0.0,-0.0,-0.0,-0.0,
-0.0,0.2688337682207342,0.06958198413446928,0.014901442987833632,0.03556645393861276,0.0011736720215452649,0.04502918461232146,7.964203003342869E-4,0.12772066605887222,0.02305427185178199,3.248556488205644E-4,0.056786863256730276,0.029656176972974107,-0.0,-0.0,3.9821015016714345E-4,0.22944240099762123,0.06340972680687855,-0.0,-0.0,-0.0,-0.0,0.0010479214478082723,-0.0,-0.0,-0.0,-0.0,0.032275980592494785,
0.03831535809106232,0.25357760567569654,0.043404977250944665,0.015907813997554338,0.03309354103092329,7.160719597237064E-4,0.05669086622674143,0.0018067046368413515,0.14622189417558085,-0.0,0.0024787106298128298,0.06917255130931003,0.02962334614918533,-0.0,3.084617672655966E-4,-0.0,0.24093067321780706,0.06640741189560773,-0.0,-0.0,-0.0,-0.0,0.0011016491688057022,-0.0,-0.0,-0.0,2.4236281713725446E-4,-0.0,
0.03674850024161137,-0.0,-0.0,0.013365233891593102,-0.0,6.600115502021285E-4,0.05868209836529282,0.0018032458425165298,0.1367638219383125,0.007542989145167183,0.0032646999893926713,0.07822315461949156,0.08611972138083845,0.31942201845675156,3.8893537779768287E-4,-0.0,0.25672092118754936,-0.0,-0.0,-0.0,-0.0,-0.0,-0.0,-0.0,-0.0,-0.0,2.946480134830931E-4,-0.0,
-0.0,-0.0,0.07037551271316679,0.015739101864315163,-0.0,0.001441426164004621,0.055993047238503034,9.750824050619495E-4,0.1718370764485803,0.00678318194825704,0.0019607635319180508,0.07308878549246961,-0.0,-0.0,9.538849614736463E-4,1.3778338332397114E-4,0.2135960403175377,-0.0,-0.0,-0.0,-0.0,-0.0,0.0010598721794151625,0.19544042988415597,0.07918305052410679,0.07864251571260505,1.4838210511812275E-4,0.032644063125987006,
-0.0,-0.0,0.04136396086171419,0.016346113467433754,-0.0,4.0944022172762775E-4,0.05129551085541511,9.97354386259606E-4,0.1700751690253223,0.02309662789232772,9.448620501406795E-4,0.0664762944610087,-0.0,-0.0,3.884432872800571E-4,-0.0,0.22499265107294336,-0.0,-0.0,-0.0,-0.0,-0.0,0.0010498467223785328,0.20393272582202998,0.08748372737580314,0.07794062066938227,8.713727795741821E-4,0.03233527904925881,
-0.0,0.2907598763996412,-0.0,0.01523961413651416,0.040590978059828774,6.645180582782336E-5,0.05529897774972035,-0.0,0.152994207617592,-0.0,4.20861436909548E-4,0.06011673367223754,0.03494257456446379,-0.0,-0.0,9.967770874173506E-5,0.2425490912715553,0.0728090285853518,-0.0,-0.0,-0.0,-0.0,-0.0,-0.0,-0.0,-0.0,-0.0,0.034111926991616,
-0.0,0.2523259629327773,0.07028165585274723,0.012532150682176614,0.03655916254749833,0.0012066428866284915,0.058299903680260806,-0.0,0.11665273029414566,0.023286090794584925,4.022142955428305E-4,0.0741767837674778,0.03145739174613927,-0.0,-0.0,4.657218158916985E-4,0.21882574594874943,0.07092731564296072,-0.0,-0.0,-0.0,-0.0,-0.0,-0.0,-0.0,-0.0,-0.0,0.0326005271124189,
0.03829239868950505,-0.0,0.043316695617757646,0.015061896699575628,-0.0,0.0018799885661514104,0.048066140416455946,0.0010004617515776513,0.17632313815167439,0.01165373029310231,9.564854108489632E-4,0.07045009784735812,-0.0,-0.0,2.968402999186438E-4,1.7590536291475187E-4,0.23648277226851955,-0.0,-0.0,-0.0,-0.0,-0.0,0.001099408518217199,0.1760153037665736,0.07931133050418875,0.06565667670793113,9.894676663954792E-5,0.033861782361089734,
-0.0,-0.0,0.02902820035908959,0.01181555266468128,-0.0,4.515497833636158E-4,0.054626772601679335,-0.0,0.18810273832690055,0.006880758603636051,0.0017524432068635567,0.06337823745067894,-0.0,-0.0,6.128175631363358E-4,2.3652607699998926E-4,0.2323546170965349,-0.0,-0.0,-0.0,-0.0,-0.0,-0.0,0.20117617967380905,0.08737488308085967,0.08893380495199596,1.6126777977271993E-4,0.0331136507799985,
-0.0,0.04235994749031453,0.04205043918161734,0.017513901192140625,0.03503847508458115,6.296893176942699E-4,0.05723769170837914,0.0019851222557819353,0.1716383662230381,0.018143590509834894,0.0032765189920701838,0.11909666264661622,-0.0,0.04496408636349083,6.617074185939785E-4,-0.0,0.23130943359979508,-0.0,-0.0,-0.0,0.03272249911950222,0.03047055935622272,0.11764517540582943,-0.0,-0.0,-0.0,3.8421721079650364E-4,0.03287191692370087,
-0.0,0.03760823360660029,0.028268995194270816,0.013705227670111297,0.04884254169676791,2.826899519427082E-4,0.05057009140308446,-0.0,0.17523636020981875,0.023033996084220666,-0.0,0.10814461161541603,-0.0,0.04408916250484238,8.585398540482248E-4,-0.0,0.21981761263100585,-0.0,-0.0,-0.0,0.04394258252976097,0.037304603658217375,0.13604715687198332,-0.0,-0.0,-0.0,-0.0,0.03224759451790893,
0.05162570212569636,-0.0,0.04544353583003656,0.018142812654986677,-0.0,-0.0,0.05415162454873646,-0.0,0.12726496810878768,-0.0,0.0015224737892296513,0.07080656509152143,0.0963541366304887,0.3103309073713106,-0.0,-0.0,0.22403432486361172,-0.0,-0.0,-0.0,-0.0,-0.0,-0.0,-0.0,-0.0,-0.0,3.2294898559416844E-4,-0.0,
-0.0,-0.0,0.04189706507868992,0.017386218630370057,-0.0,2.4457677584006806E-4,0.052190557209698,2.4457677584006806E-4,0.12450021267545726,0.012122501063377287,0.0015844321565291366,0.060527435133985535,0.10196724797958316,0.30979370480646534,7.762654189706508E-4,-0.0,0.2426945980433858,-0.0,-0.0,-0.0,-0.0,-0.0,0.0010633772862611655,-0.0,-0.0,-0.0,2.552105487026797E-4,0.0327520204168439,
-0.0,-0.0,0.1786809655949425,0.04453462413152789,-0.0,7.30246823426318E-5,0.05489369692670408,0.0012727158922572973,0.1283773915583467,0.022950614450541425,0.002816666318930084,0.0649293747000772,-0.0,0.02782240397254272,5.216048738759415E-4,-0.0,0.22180725656700537,-0.0,0.08461474264015523,0.07771912620751528,0.03142147760228672,0.023138392205136766,0.001043209747751883,-0.0,-0.0,-0.0,0.0012518516973022596,0.03213086023075799,
-0.0,-0.0,0.029797048988555726,0.013000342114266164,-0.0,4.5247370686325364E-4,0.05737587321907452,0.002472051471643142,0.13782790548817497,0.024279076953638,0.0015008883934976218,0.0577731672055886,0.08652180150750996,0.3118647434694801,7.394082526789754E-4,-0.0,0.2412126295343935,-0.0,-0.0,-0.0,-0.0,-0.0,0.0011035944069835454,-0.0,-0.0,-0.0,8.828755255868363E-5,0.0339907077350932,
-0.0,0.24862198728592905,0.06524067323658587,0.017361486386904705,0.033494797449325486,4.7161932460182556E-4,0.057203493913163095,0.0011102704933334644,0.14258624247128526,0.021615885710917004,0.0017685724672568458,0.06223410004224923,0.025290586281772897,-0.0,9.039370388201657E-4,4.9127012979356826E-5,0.22655413305560196,0.06401249791210195,-0.0,-0.0,-0.0,-0.0,9.825402595871366E-4,-0.0,-0.0,-0.0,2.3580966230091278E-4,0.030262239995283807,
-0.0,0.042016715155873734,-0.0,0.011321412615910997,0.0479116951608861,8.172338269425648E-4,0.04954616281477123,9.806805923310777E-4,0.19599446460287884,0.012421954169526985,0.00314907434648535,0.1159491353666111,-0.0,0.04526385756159219,2.3972192256981902E-4,-0.0,0.23031828533446658,-0.0,-0.0,-0.0,0.04972050603118564,0.04703997907881403,0.11342115872860209,-0.0,-0.0,-0.0,3.2689353077702593E-4,0.033561069159774665,
-0.0,0.041299190399693604,0.041916231369086246,0.014128110471610797,0.04324606104450142,7.127887060225327E-4,0.06153387874081088,-0.0,0.1923465642520506,0.005319318701660691,-0.0,0.09842867325552943,-0.0,0.0552783599476579,5.212932327627477E-4,-0.0,0.23733736183069673,-0.0,-0.0,-0.0,0.033915976041788566,0.040277881208974756,0.1337383107971531,-0.0,-0.0,-0.0,-0.0,-0.0,
-0.0,-0.0,0.0710000962350702,0.013344596400808375,-0.0,0.0017429240491440424,0.05210594411950257,4.918681365682574E-4,0.16879631312753285,0.012189775558430727,0.0029405160338319735,0.06692614493001572,-0.0,-0.0,7.805733471626694E-4,2.5662685386169953E-4,0.21811144021128945,-0.0,-0.0,-0.0,-0.0,-0.0,0.0010692785577570813,0.19112284941350072,0.09108114754974818,0.07475326397279755,3.5286192405983684E-4,0.032933779578918104,
-0.0,0.036598827551468774,0.07116140993901982,0.014714550579258164,0.032654942181354424,4.2868319240373386E-4,0.052920940102240945,0.0015325424128433485,0.1483243845716919,0.005358539905046673,0.001178878779110268,0.11784500959178643,-0.0,0.03580576364552187,5.037027510743872E-4,-0.0,0.24436013674993837,-0.0,-0.0,-0.0,0.04263254348455133,0.04497958396296177,0.11559442283166682,-0.0,-0.0,-0.0,3.965319529734538E-4,0.03300860581508751,
-0.0,-0.0,0.06913929902746829,0.016962035860805098,-0.0,5.206272517128636E-4,0.05659218226118828,8.538286928090964E-4,0.1846560736375185,-0.0,2.811387159249464E-4,0.06351652470896936,-0.0,-0.0,7.913534226035528E-4,3.6443907619900456E-4,0.22309918990399633,-0.0,-0.0,-0.0,-0.0,-0.0,-0.0,0.1963285366209209,0.07639684291634562,0.07842728919802579,-0.0,0.032070638705512404,
0.03246427676109301,-0.0,0.06935739951533383,0.01009024818250188,-0.0,6.2672348959639E-5,0.054138464109634826,0.0015250271580178826,0.13521559288042115,0.016294810729506143,9.609760173811315E-4,0.06934695412384057,0.0810875741622796,0.2834461435614607,7.938497534887608E-4,-0.0,0.21298153254783989,-0.0,-0.0,-0.0,-0.0,-0.0,-0.0,-0.0,-0.0,-0.0,6.2672348959639E-5,0.032171805799281354,
-0.0,-0.0,0.14196779885794453,0.04709608829557536,-0.0,3.945681123203893E-4,0.051787064742051095,-0.0,0.15399116605837415,0.02411249575291268,8.658578020364099E-4,0.0666820109821458,-0.0,0.021109394009140827,0.0011289032102500026,-0.0,0.23232389657931368,-0.0,0.08088646302567981,0.0860925700632405,0.024101535527570446,0.03209153980205833,0.0010960225342233037,-0.0,-0.0,-0.0,5.151305910849527E-4,0.033757494054077755,
-0.0,-0.0,0.18289543071625772,0.04389366256165276,-0.0,-0.0,0.05447156993516766,-0.0,0.12674876694481496,0.011787697366380247,-0.0,0.06531831952931931,-0.0,0.031992224255772354,-0.0,-0.0,0.21939593221040005,-0.0,0.09466348192036066,0.08156259370702403,0.03014134896754247,0.02424750028435235,0.001034008540910548,-0.0,-0.0,-0.0,-0.0,0.03184746306004488,
-0.0,0.04587683172109951,0.0287328799923379,0.012514765507773841,0.041077376581638625,0.0011173897774798072,0.05465632282986942,6.278666368696059E-4,0.17314220647234727,0.023411976290053104,0.0019687343698453746,0.1265842990773553,-0.0,0.049526971660866885,0.0011173897774798072,-0.0,0.2254147644435931,-0.0,-0.0,-0.0,0.03491577009439283,0.04185422852217221,0.10458768317210995,-0.0,-0.0,-0.0,9.577626664112633E-5,0.032776766806074345,
-0.0,-0.0,-0.0,0.01710107053618504,-0.0,-0.0,0.05830639800105449,0.0016161199367306237,0.15651147330536644,0.007335579854663824,-0.0,0.06747587281938427,0.09585539738211495,0.3561882493180203,-0.0,-0.0,0.23846365449418885,-0.0,-0.0,-0.0,-0.0,-0.0,0.0011461843522912224,-0.0,-0.0,-0.0,-0.0,-0.0,
-0.0,0.04344675384564709,-0.0,0.015184953391086662,0.04062496568837357,0.001438343379777551,0.05563424355215916,9.552356796995948E-4,0.1998309123049727,0.0241553850038978,0.0015371608638844055,0.10699737584681095,-0.0,0.03561821316029294,2.4155385003897802E-4,-0.0,0.22411805395434634,-0.0,-0.0,-0.0,0.04188763354085005,0.047388473489464955,0.12707928456141507,-0.0,-0.0,-0.0,4.3918881825268726E-5,0.03381753900545692,
-0.0,0.04461322582800632,-0.0,0.021627280219168318,0.03618281845112146,0.0012918457803416709,0.05936922288794352,-0.0,0.1871283159231129,0.0055683007773347885,-0.0,0.13660155466957702,-0.0,0.023888010334766244,5.234202730694702E-4,-0.0,0.26098625743368153,-0.0,-0.0,-0.0,0.04376684410985144,0.04450185981245963,0.1339510434995657,-0.0,-0.0,-0.0,-0.0,-0.0,
-0.0,0.2932746658391151,0.043668122270742356,0.01678008556291978,0.03779398399574402,3.324983929244342E-4,0.05006317469465564,-0.0,0.13790925010529115,-0.0,1.1083279764147807E-5,0.07421364130073371,0.03278434154234921,-0.0,-0.0,2.3274887504710394E-4,0.23989759049497927,0.07303881364573404,-0.0,-0.0,-0.0,-0.0,-0.0,-0.0,-0.0,-0.0,-0.0,-0.0,
0.03572235309303301,-0.0,0.07142319317607324,0.01646820914948315,-0.0,7.74468359740553E-4,0.06279647616896318,0.0010433809846504673,0.12494756203814257,0.016780147794378652,0.0016242322544558821,0.07719943635913819,0.07644648100939043,0.26373874600664754,5.593382598126217E-4,-0.0,0.2160981853776071,-0.0,-0.0,-0.0,-0.0,-0.0,0.0010756504996396572,-0.0,-0.0,-0.0,1.7210407994234513E-4,0.03313003538890144,
-0.0,-0.0,0.1305810533820515,0.049304874788343285,-0.0,0.0014258978700650566,0.05092014971927636,0.0018492113002406203,0.14221103288476963,0.007129489350325283,0.0018603511273505035,0.0702477497549238,-0.0,0.028673914980839498,4.455930843953302E-4,-0.0,0.2332345601996257,-0.0,0.0888735406826486,0.10276490508867302,0.029799037518937706,0.02604491578290705,-0.0,-0.0,-0.0,-0.0,3.230549861866144E-4,0.034310667498440424,
0.04913444244604317,0.2523943345323741,-0.0,0.013837679856115108,0.029946043165467624,0.0016074640287769785,0.06291591726618705,0.0014388489208633094,0.14653776978417266,0.012814748201438849,0.0021695143884892087,0.07367356115107913,0.037589928057553956,-0.0,7.531474820143885E-4,7.756294964028777E-4,0.22143660071942445,0.058104766187050357,-0.0,-0.0,-0.0,-0.0,-0.0,-0.0,-0.0,-0.0,2.473021582733813E-4,0.03462230215827338,
0.0419278014539985,0.03765563633324977,0.06935739951533383,0.016441046210411966,0.04351550096097602,-0.0,0.048800869056572244,0.0013370101111389655,0.14640260716971673,0.022979861285200968,0.0013161193281524192,0.0973614941087992,-0.0,0.03768697250772959,-0.0,-0.0,0.2199903902398262,-0.0,-0.0,-0.0,0.028098103116904822,0.03638129857107044,0.11841940335923791,-0.0,-0.0,-0.0,1.566808723990975E-4,0.032171805799281354,
-0.0,-0.0,0.06870647641319082,0.014486305267841436,-0.0,0.0013348095568225325,0.05231625673871879,0.0012520306695777241,0.13116314683939861,0.016141883012737602,4.449365189408441E-4,0.0654780998106433,0.08540711691483087,0.3223927237358112,3.7250499260163696E-4,-0.0,0.20663679728485249,-0.0,-0.0,-0.0,-0.0,-0.0,0.0010347360905601027,-0.0,-0.0,-0.0,9.623045642208955E-4,0.03186987158925116,
-0.0,0.04121354556137165,0.04208952035038992,0.021878004486700138,0.03954705693836129,5.127657301570345E-4,0.06112594808246982,9.187052665313535E-4,0.17973507103941885,0.023501762632197415,0.002221984830680483,0.10389915607306911,-0.0,0.048776840081187905,1.7092191005234483E-4,-0.0,0.2394295481252003,-0.0,-0.0,-0.0,0.03363956842217712,0.042004059395363745,0.11910052344834954,-0.0,-0.0,-0.0,2.3501762632197415E-4,-0.0,
-0.0,0.04277249522411579,0.029140988419155342,0.016761464820351204,0.041153551423051604,5.072690576667782E-4,0.05808770358218299,9.49780363290989E-4,0.17865584492676978,0.01683701553106753,8.418507765533766E-4,0.11377937033879097,-0.0,0.04316104173637119,2.806169255177922E-4,-0.0,0.2288538957184333,-0.0,-0.0,-0.0,0.04094848520825014,0.03352292964070241,0.12007166524559378,-0.0,-0.0,-0.0,4.3171834695044953E-4,0.033242312715184616,
-0.0,-0.0,-0.0,0.01609798574669447,-0.0,5.04136208437407E-4,0.06117234583743899,8.364078003620614E-4,0.14143312174889433,0.012145099566901166,0.0018103072939343247,0.08173881161346502,0.09449116615871124,0.33790875134627285,0.001386374573202869,-0.0,0.2504296615412819,-0.0,-0.0,-0.0,-0.0,-0.0,-0.0,-0.0,-0.0,-0.0,4.583056440340063E-5,-0.0,
-0.0,-0.0,0.04277354987895302,0.0113881862494979,-0.0,8.684984746995539E-4,0.06203250355541563,0.0016501471019291522,0.18386112709389554,0.006947987797596431,3.1483069707858826E-4,0.07232421048060535,-0.0,-0.0,8.142173200308317E-4,3.1483069707858826E-4,0.23375636446538492,-0.0,-0.0,-0.0,-0.0,-0.0,-0.0,0.20445539717520872,0.09158316415706795,0.08691498485555785,-0.0,-0.0,
0.04259249372697667,-0.0,0.15043510757567669,0.041823714697560195,-0.0,9.823287598099406E-4,0.06803694410335807,5.872617585820298E-4,0.14173295606214298,0.012172334632427527,0.0013346858149591587,0.07359991458010784,-0.0,0.032053814532059154,3.6303454166889114E-4,-0.0,0.226437456622711,-0.0,0.07737974480807218,0.07324755752495862,0.03566280497570872,0.021184133255031764,-0.0,-0.0,-0.0,-0.0,3.737120281885644E-4,-0.0,
